{
  "period_len": 10,
  "periods": 10,
  "start_year": 2020,
  "Y_init": 130.0,
  "A_init": 16.09,
  "K_init": 390.0,
  "nu": 0.07,
  "kappa": 0.3,
  "beta": 0.84,
  "tech_improvement_rate": 0.018,
  "prtp": 0.013896,
  "xi": 0.00619095006845884,
  "delta": 0.05,
  "ppm_value": 427.0,
  "ppm_to_GtC": 2.31,
  "BAU_E_CO2_init": 35.0,
  "molar_mass_CO2": 44.01,
  "molar_mass_C": 12.01,
  "kappa_E": 0.35,
  "num_voters": 1000,
  "qH": 0.5,
  "qB": 0.5,
  "xi_mult_G": 1.3,
  "xi_mult_B": 0.7,
  "a_G": 1.7076294167668173,
  "a_B": 1.7076294167668173,
  "xi_mu_G0": 1.0,
  "xi_mu_B0": 1.5817915248430978,
  "xi_sigma_H": 0.12168836806635572,
  "xi_sigma_L": 0.12168836806635572,
  "sigma_epsilon_G": 0.16934887615993932,
  "sigma_epsilon_B": 0.16934887615993932
}